{
  "city_area_ha": 6045.48,
  "target_2024_ha": 2667.01,
  "target_2025_ha": 2591.33,
  "pct_2024": 44.12,
  "pct_2025": 42.86,
  "gain_ha": 135.45,
  "loss_ha": 211.14,
  "net_change_ha": -75.69,
  "pct_change_vs_2024": -2.84,
  "confusion_matrix": {
    "TN": 102,
    "FP": 6,
    "FN": 3,
    "TP": 102,
    "accuracy": 0.9577464788732394,
    "precision": 0.9444444444444444,
    "recall": 0.9714285714285714,
    "f1": 0.9577464788732395,
    "kappa": 0.9155097183657278
  },
  "ground_truth_total": 640,
  "training_total": 427,
  "testing_total": 213,
  "testing_used_in_cm": 213,
  "random_forest_trees": 100,
  "seed": 12345,
  "mmu_ha": 0.2
}
