{
  "city_area_ha": 6045.48,
  "target_2024_ha": 2689.97,
  "target_2025_ha": 2627.29,
  "pct_2024": 44.5,
  "pct_2025": 43.46,
  "gain_ha": 139.66,
  "loss_ha": 202.35,
  "net_change_ha": -62.69,
  "pct_change_vs_2024": -2.33,
  "confusion_matrix": {
    "TN": 135,
    "FP": 6,
    "FN": 2,
    "TP": 135,
    "accuracy": 0.9712230215827338,
    "precision": 0.9574468085106383,
    "recall": 0.9854014598540146,
    "f1": 0.971223021582734,
    "kappa": 0.942457956015524
  },
  "ground_truth_total": 640,
  "training_total": 380,
  "testing_total": 260,
  "testing_used_in_cm": 278,
  "mmu_ha": 0.2
}
