Metrik,Nilai,Persen
Overall Accuracy,0.9577464788732394,95.77464788732394
Precision,0.9444444444444444,94.44444444444444
Recall,0.9714285714285714,97.14285714285714
F1-Score,0.9577464788732395,95.77464788732395
Kappa,0.9155097183657278,91.55097183657278
