Kategori,Luas_Ha,Persen
Luas Kota Mataram,6045.483455143973,100
Luas Vegetasi 2024,2667.013672230513,44.11580466672534
Luas Vegetasi 2025,2591.3258293279114,42.86383129744583
Tetap Nonvegetasi,3197.506008415024,52.890823904155006
Gain Vegetasi,135.45294425537708,2.2405643032588745
Loss Vegetasi,211.1407871579787,3.4925376725383894
Tetap Vegetasi,2455.8728850725342,40.62326699418695
Net Change,-75.68784290260146,-2.8379248179594514
